 Filename English, Modal name, Modal name agreement (%), H value, DKO (%), DKN (%), TOT (%), Modal category, Category agreement (%), Hcat, Familiarity, Visual complexity, Object agreement, Viewpoint agreement, NMI, Manipulability, Living/non-living,FHrejected
50dollarsbill.jpg,50$ bill,0.37,2.79,0,0,0,Jewel,0.85,0.84,4.5,2.9,4.3,4.2,1,1.7,NL,0
alarmclock.jpg,Alarm clock,0.44,2.42,0.05,0.03,0,Electronic,0.86,0.86,4.4,3.1,3.1,3.7,0,2.1,NL,0
almonds.jpg,Almonds,0.72,1.28,0,0,0,Food,0.77,1.01,4.3,2.1,4.5,4.6,0,1.3,L,0
antenna.jpg,Antenna,0.74,1.34,0.1,0.05,0.05,Electronic,0.83,1.12,3.2,3.1,3,3.6,0,1.9,NL,0
apple07.jpg,Apple *,0.95,0.34,0,0,0,Food,0.79,0.84,4.6,1.8,4.2,4.4,0,2.4,L,0
ashtray01.jpg,Ashtray *,0.92,0.53,0,0.05,0,Other,0.44,1.86,3.9,2.6,4.1,4.5,0,3.2,NL,1
asparagus.jpg,Asparagus *,0.81,1.06,0.08,0.08,0.05,Food,0.53,1.43,4,2.3,4.1,3.4,0,1.5,L,0
avocado.jpg,Avocado,0.89,0.57,0,0.03,0,Food,0.79,0.87,4.3,2.5,4.5,3.6,0,1.5,L,0
axe.jpg,Axe *,0.76,1.43,0.03,0.08,0.03,Tool,0.77,1.27,3.7,2.4,4.2,3.6,0,4,NL,0
babybottle.jpg,Baby bottle,0.29,2.88,0,0.21,0,Kitchen item,0.67,1.39,3.6,2.5,3.8,3.9,4,2.3,NL,0
babyseat.jpg,Baby seat,0.31,3.37,0.03,0.05,0.03,Other,0.41,2.49,3.3,2.4,3,3.7,0,2.3,NL,0
backpack01a.jpg,Backpack,0.77,1.34,0,0,0,Sport,0.47,1.61,4.7,3.4,4.1,3.3,1,3.3,NL,0
bag.jpg,Bag,0.37,3.06,0,0.03,0,Other,0.46,1.87,3.8,3,3.4,3,0,2.2,NL,0
bagel.jpg,Bagel,0.87,0.56,0,0,0.03,Food,0.97,0.21,4.5,2.6,4.8,4.6,0,1.9,NL,0
ball02.jpg,Ball *,0.88,0.62,0.08,0.05,0,Toy,0.62,1.65,3.4,1.6,3.5,4.1,0,3.5,NL,0
balloon01b.jpg,Balloon *,0.87,0.85,0,0,0,Toy,0.54,1.85,4.4,1.9,4.1,3.2,1,3.3,NL,0
banana.jpg,Banana *,1,0,0,0,0,Food,0.79,0.81,4.7,2,4.8,3.8,0,3.4,L,0
bandage.jpg,Bandage,0.42,2.75,0.08,0.15,0.1,Medical,0.67,1.68,3.8,2.4,3.6,3.7,0,2.5,NL,0
bandaid01.jpg,Band-aid,0.75,1.35,0.08,0.08,0,Medical,0.47,1.81,3.9,1.9,4,3.6,0,3.2,NL,0
baseball01a.jpg,Baseball,0.87,0.8,0,0,0,Sport,0.9,0.56,3.8,2.4,4.7,4.8,0,3.5,NL,0
bastingbrush.jpg,Brush,0.37,3.41,0.08,0.13,0.03,Kitchen item,0.58,1.92,3.4,2,2.6,2.8,0,3,NL,0
battery02b.jpg,Battery,0.95,0.35,0,0,0,Electronic,0.84,0.87,4.6,2.2,3.7,3.5,0,1.6,NL,0
beermug01a.jpg,Beer mug,0.26,3.14,0,0,0,Kitchen item,0.84,0.77,4.3,2.7,4.5,4.6,0,3.5,NL,0
belt02a.jpg,Belt *,0.95,0.34,0,0,0,Cloth,1,0,4.4,2,4.3,4.3,0,3.8,NL,0
bib.jpg,Bib,0.84,0.84,0,0.08,0.05,Cloth,0.72,1.33,3.8,2.5,4.1,4,4,2.7,NL,0
bikehelmet.jpg,Helmet,0.5,1.89,0,0.03,0,Sport,0.95,0.34,4.1,3,4.4,4.3,0,2.8,NL,0
binder03b.jpg,Binder,0.68,1.46,0,0,0.03,School supply,1,0,4.4,2,4,3.3,0,2.2,NL,0
binoculars01b.jpg,Binoculars,0.97,0.19,0,0.05,0.05,Sport,0.68,1.52,4,3.5,4.8,4.2,0,4.4,NL,0
birdie.jpg,Birdie,0.38,2.58,0.05,0.11,0,Sport,0.76,1.23,3.9,2.8,4.6,3.8,1,2.7,NL,0
blackberry.jpg,Blackberry,0.7,1.57,0.03,0.08,0.05,Food,0.87,0.66,4.2,2.7,3.7,4,0,1.2,L,0
bleachbottle.jpg,Bottle,0.3,3.74,0.03,0.03,0,Household article,0.82,1,3.9,1.9,4.5,4.4,4,1.4,NL,0
blueberry01.jpg,Blueberry,0.94,0.37,0.05,0.03,0.03,Food,0.82,1.05,4.4,2.1,4.7,4.7,0,1.6,L,0
book01b.jpg,Book *,0.9,0.68,0,0,0,School supply,0.51,1.66,4.5,2.2,4.2,2.8,0,3.9,NL,0
boot02b.jpg,Boot *,0.82,1.08,0,0,0,Cloth,0.92,0.51,4.4,2.3,3.8,3.8,0,2.8,NL,0
bottlecap.jpg,Bottle cap,0.86,0.92,0,0.05,0.03,Other,0.58,1.69,4.1,2.1,4.3,3.3,0,2.6,NL,0
bottleopener01.jpg,Bottle opener,0.69,1.54,0.03,0.08,0,Kitchen item,0.72,1.38,4,2.3,2.8,2.8,0,3.2,NL,0
bow02b.jpg,Bow,0.45,2.4,0,0.11,0.03,Decoration,0.74,1.44,4.2,2.9,3.8,4.1,1,1.9,NL,0
bowl02.jpg,Bowl *,0.85,0.97,0,0,0,Kitchen item,0.64,1.52,4.1,2.3,3.5,3.8,0,2.1,NL,0
boxcutter03a.jpg,Exacto knife,0.41,2.24,0,0.13,0.03,Tool,0.86,0.67,4.2,2.9,4,3.7,4,2.8,NL,0
bracelet01.jpg,Bracelet,0.62,2.08,0.03,0.05,0.05,Jewel,0.53,2.11,3.4,2.2,2.8,3.5,0,2.9,NL,0
bracket01.jpg,Bracket,0.28,3.41,0.05,0.44,0.05,Tool,0.51,1.33,3.3,2,3.3,3.2,3,1.5,NL,0
branch02.jpg,Branch,0.4,1.67,0.03,0.03,0.05,Natural,0.81,0.93,4.3,2.1,3.6,3.6,0,2.5,L,0
bread.jpg,Bread *,0.5,1.58,0,0.03,0,Food,0.95,0.39,4.5,2.4,3.2,3.6,0,1.9,NL,0
brick.jpg,Brick,1,0,0,0.05,0,Building material,0.58,1.52,3.6,2.2,3.8,4.1,0,1.8,NL,0
broccoli01a.jpg,Broccoli,0.97,0.17,0,0,0,Food,0.8,0.84,4.7,2.7,4.7,4.2,0,1.3,L,0
brooch.jpg,Brooch,0.52,2.26,0.08,0.08,0.03,Decoration/Jewel,0.49,1.51,3,3.6,3.2,3.6,0,2.1,NL,0
broom.jpg,Broom *,0.94,0.37,0,0.05,0.03,Household article,0.72,1.49,4.3,2.3,4.5,3,1,3.9,NL,0
brush05b.jpg,Brush *,0.64,1.66,0.05,0.1,0,Household article,0.61,1.85,3.8,2.7,3.8,3.1,0,2.5,NL,0
brusselssprout.jpg,Brussels sprout,0.31,2.42,0,0.08,0,Food,0.74,0.94,4.3,2.3,4.1,3.8,1,1.3,L,0
bubbleblower.jpg,Bubbles,0.23,3.56,0.03,0.11,0.05,Toy,0.82,0.79,3.8,2.4,3.7,4.3,0,3.8,NL,0
bucket01a.jpg,Bucket,0.58,1.76,0,0,0.03,Household article,0.74,1.28,3.9,2,3.7,3.6,0,2.5,NL,0
bungeecord02.jpg,Bungee cord,0.48,2.78,0.03,0.21,0.18,Tool,0.34,1.93,3.6,2.3,4,3.8,0,2.6,NL,0
butterdish.jpg,Butter dish,0.52,2.63,0.08,0.23,0,Kitchen item,0.83,0.99,3.5,2.1,3.3,3.8,0,1.6,NL,0
button01.jpg,Button *,1,0,0,0,0.08,Cloth,0.54,1.74,4.4,1.6,4,4,0,2.6,NL,0
cabbage.jpg,Cabbage,0.76,1.02,0,0,0.03,Food,0.72,0.98,4.3,2.7,4.5,4.5,0,1.6,L,0
cable01.jpg,Cable,0.28,3.72,0.03,0.05,0,Electronic,1,0.21,3.8,2.4,3.4,3.4,1,1.7,NL,0
calculator01.jpg,Calculator,1,0,0,0,0,School supply,0.74,0.92,4.3,3.1,4.1,3,0,3,NL,0
camera01a.jpg,Camera,0.82,0.93,0,0,0,Electronic,0.66,1.46,4.5,3.4,3.8,4,0,4.5,NL,0
cameracase01a.jpg,Camera case,0.26,3.26,0,0,0,Other,0.32,2.59,3.6,2.5,3.5,2.7,0,1.8,NL,0
candle01.jpg,Candle *,1,0,0,0.03,0,Decoration,0.5,1.71,4.3,2.1,4,2.7,0,2.9,NL,0
candleholder01.jpg,Candle holder,0.54,1.62,0.08,0.18,0,Decoration,0.71,1.39,3.5,2.5,3.2,3.9,0,2,NL,0
candy.jpg,Candy,0.95,0.36,0,0.03,0,Food,0.87,0.8,4.4,2.1,3.9,3.8,0,2.3,NL,0
cane.jpg,Cane,0.71,1.31,0,0.08,0.03,Medical,0.53,1.68,3.5,2.3,3.9,3,1,3.7,NL,0
cantaloupe.jpg,Cantaloupe,0.58,1.48,0,0.03,0,Food,0.82,0.68,4.3,2.2,4.5,4.1,0,1.3,L,0
cap01a.jpg,Cap *,0.49,2.12,0,0,0,Cloth,0.92,0.47,4.4,2.6,3.5,4,0,3.4,NL,0
cardboardbox.jpg,Box,0.59,1.94,0,0,0,Other,0.42,2.07,4.1,1.7,4,3.7,1,2.4,NL,0
carkeys.jpg,Car keys,0.66,1.73,0,0,0,Other,0.5,1.98,4.2,2.4,3.9,3.8,0,3.2,NL,0
carrot.jpg,Carrot *,0.97,0.17,0,0,0,Food,0.82,0.69,4.4,1.9,3.9,3.4,0,2.1,L,0
cassettetape01a.jpg,Cassette tape,0.35,2.39,0,0,0.03,Electronic,0.82,0.92,4.3,2.8,4.6,3.6,0,2.3,NL,0
cauliflower.jpg,Cauliflower,0.95,0.36,0,0.03,0.03,Food,0.79,0.73,4.4,2.5,4.3,4,0,1.2,L,0
caulking.jpg,Caulking,0.46,2.75,0.1,0.28,0,Tool,0.69,1.15,3.3,2.3,4.1,4.1,1,1.9,NL,0
CD.jpg,CD,0.92,0.51,0,0,0,Electronic,0.85,0.94,4.7,2.7,4.3,4.2,0,2.5,NL,0
celery.jpg,Celery *,1,0,0,0.08,0,Food,0.74,0.94,4.4,2.2,4.2,4.2,1,1.5,L,0
cell phone.jpg,Cell phone,0.85,0.97,0,0,0,Electronic,0.92,0.57,4.4,3.3,4,3.8,0,3.9,NL,0
chain.jpg,Chain *,0.95,0.3,0,0.03,0,Other,0.44,2.52,3.5,2.2,3.9,3.7,0,2.2,NL,0
chair.jpg,Chair *,0.51,1.92,0,0,0,Furniture,0.66,1.68,4.5,2.5,3.1,4,0,3.7,NL,0
chalk.jpg,Chalk,1,0,0.13,0.05,0,School supply,0.88,0.71,3.7,1.7,4.3,3.9,0,2.6,NL,1
chalkboard.jpg,Chalkboard,0.35,2.4,0.05,0.13,0,School supply,0.58,1.8,3.4,1.9,3.7,3.2,0,2.2,NL,0
chalkboarderaser.jpg,Eraser,0.24,3.12,0.05,0,0,School supply,0.69,1.54,4,2.3,4.3,3.3,1,3.3,NL,0
champagne.jpg,Champagne,0.41,2.23,0,0,0,Food,0.69,1.41,4.3,2.7,4.4,4.5,0,3.2,NL,0
cheese.jpg,Cheese,0.72,1.44,0,0,0,Food,1,0.04,4.4,2.7,4,3.8,0,1.5,NL,0
cherries.jpg,Cherries *,1,0,0,0,0,Food,0.87,0.55,4.6,2.6,4.2,4.5,0,1.5,L,0
chessboard.jpg,Chess board,0.34,2.02,0,0,0,Toy,0.95,0.41,4.2,3.8,4.4,4.5,0,2.8,NL,0
chisel02b.jpg,Chisel *,0.53,1.94,0.08,0.47,0,Tool,0.86,0.87,3.1,2.1,3.9,3.8,3,2.7,NL,0
christmasball.jpg,Christmas ball,0.37,2.55,0,0.13,0.03,Decoration,0.85,0.87,4.1,2.4,4.4,4.2,2,2.3,NL,0
cigarette.jpg,Cigarette *,0.95,0.29,0,0,0,Other,0.82,1.03,4.1,2,4.5,3.8,0,4.2,NL,1
circuitboard.jpg,Motherboard,0.26,3.64,0,0.05,0.03,Electronic,0.84,0.99,3.4,4.1,3.8,3.9,3,1.6,NL,0
clamp.jpg,Clamp,0.32,2.47,0.03,0.4,0.03,Tool,0.85,0.9,3,2.5,3.1,3.1,1,2.1,NL,0
clipboard.jpg,Clipboard,0.79,1.27,0,0.23,0.03,School supply,0.92,0.51,4.1,2.1,4.3,3.8,0,2.2,NL,0
clock01a.jpg,Clock *,0.92,0.46,0,0,0,Decoration,0.33,2.25,4.5,2.7,3.2,3.2,0,3.1,NL,0
clothespin03b.jpg,Clothes pin *,0.72,1.44,0.03,0.1,0.13,Household article,0.57,1.95,4.3,2.3,4.3,3,0,2.6,NL,0
coconut.jpg,Coconut,0.89,0.66,0.03,0.03,0,Food,0.74,0.82,3.9,2.3,4.2,4.1,0,1.7,L,0
coffeebeans.jpg,coffee beans,0.79,1.14,0,0,0,Food,0.82,0.83,4.3,2.1,4.5,4.5,0,1.9,L,0
coffeepot03a.jpg,Coffee pot,0.5,2.79,0,0.03,0,Kitchen item,0.87,0.8,4.2,2.3,4.1,4.3,0,2.2,NL,0
coins01b.jpg,Coins,0.62,1.23,0,0,0,Jewel,0.79,0.81,4.7,2.2,4.3,4.2,0,2.6,NL,0
comb02a.jpg,Comb *,0.87,0.73,0,0,0,Bathroom items,0.9,0.59,4.4,1.9,3.7,2.9,0,4.1,NL,0
compactpowder.jpg,Compact,0.26,3.25,0,0.11,0,Bathroom items,0.92,0.57,3.9,2.2,4.2,3.7,2,3.2,NL,0
computermouse06.jpg,Mouse,0.85,0.62,0,0,0,Electronic,0.87,0.92,4.8,2.6,4.7,3.9,0,3.2,NL,0
condom.jpg,Condom,1,0,0,0,0,Bathroom items,0.41,2.15,4.1,2.2,4,3.9,0,3.4,NL,0
cookie.jpg,Cookie,0.82,1,0.03,0,0,Food,0.95,0.38,4.4,1.9,3.9,4.1,0,2,NL,0
cookiecutter.jpg,Cookie cutter,0.71,1.72,0.03,0.15,0.03,Kitchen item,0.97,0.21,3.7,2,3.9,3.8,0,2,NL,0
cooler.jpg,Cooler,0.63,2.04,0,0.03,0,Sport,0.58,1.76,4,2,4.2,4.1,0,2.3,NL,0
corkscrew03a.jpg,Corkscrew,0.68,1.66,0,0.13,0.08,Kitchen item,0.9,0.68,3.9,2.4,4.1,4,1,3.3,NL,0
cottonpad.jpg,Cotton pad,0.31,3.5,0.1,0.13,0.03,Bathroom items,0.82,0.91,3.7,2.3,3.7,3.7,2,1.8,NL,0
cracker02.jpg,Cracker,0.72,1.36,0,0,0,Food,0.97,0.17,4.4,2.2,4.4,4.1,0,1.9,NL,0
crayon.jpg,Crayon,0.82,1.13,0,0,0,School supply,0.77,0.9,4.1,1.9,4.1,3.8,0,2.3,NL,0
croissant.jpg,Croissant,0.89,0.71,0,0,0.05,Food,0.97,0.21,4.5,2.9,4.3,4,0,1.7,NL,0
crumpledpaper.jpg,Paper,0.49,2.3,0.03,0,0,School supply,0.66,1.56,4,2.6,4,4,0,2.7,NL,0
cucumber.jpg,Cucumber,0.95,0.35,0,0,0,Food,0.76,0.88,4.5,1.8,4.7,4,0,1.4,L,0
cup01.jpg,Cup *,0.62,1.51,0,0,0,Kitchen item,0.95,0.38,4.6,1.8,3.6,4.5,0,3.3,NL,0
cuttingboard.jpg,Cutting board,0.48,2.92,0.13,0.21,0,Kitchen item,0.77,1.14,3.6,2.1,3.5,3.7,0,2.4,NL,0
dentalfloss03b.jpg,Dental floss,0.5,2.16,0,0.05,0.03,Bathroom items,0.76,1.49,4.2,2.3,3.9,3.5,0,3.9,NL,0
deodorant02a.jpg,Deodorant,0.86,0.83,0,0.03,0,Bathroom items,0.82,0.87,4.5,2.1,3.7,3.9,0,4,NL,0
diaper01c.jpg,Diaper,0.78,1.35,0.03,0.03,0,Other,0.42,1.67,3.6,2.4,3.8,3.5,1,2.6,NL,1
dice05a.jpg,Dice,0.97,0.18,0,0.03,0.05,Toy,0.92,0.52,4.5,2.3,4.3,4.2,1,3.4,NL,0
dishsoap.jpg,Dish soap,0.42,2.66,0,0.03,0,Household article,0.82,0.8,4.4,2.3,4.1,4.2,0,2.2,NL,0
diskette02a.jpg,Floppy disk,0.3,2.75,0,0,0.03,Electronic,0.84,0.79,4.1,2.4,4.1,3.8,0,2,NL,0
divider02.jpg,Divider,0.28,3.6,0.03,0.13,0.03,School supply,0.95,0.35,4.3,1.6,4,3.5,0,1.5,NL,0
doll.jpg,Doll *,0.78,1.08,0,0.03,0,Toy,0.94,0.45,3.7,3,3.2,2.4,0,2.2,NL,1
doorlock.jpg,Lock,0.49,1.97,0,0.05,0,Other,0.38,2.02,3.9,2.7,2.7,2.8,0,3.1,NL,0
drill01b.jpg,Drill,0.47,2.59,0,0.11,0,Tool,0.78,1.29,3.9,3.3,4.3,4,0,3.3,NL,0
drillbit03a.jpg,Drill bit,0.66,1.87,0,0.15,0.03,Tool,0.82,1.11,3.3,2.5,4.2,3.9,1,2.4,NL,0
dropper.jpg,Dropper,0.72,1.64,0.08,0.23,0.05,Medical,0.83,1.03,3.2,2.5,4.1,3.6,0,3.1,NL,0
drum.jpg,Drum *,0.51,2.51,0.03,0.05,0.03,Music,0.73,1.36,3.6,3.3,3.8,4.4,0,3.5,NL,0
dustpan.jpg,Dust pan,0.82,0.92,0,0.21,0.08,Household article,0.87,0.68,4.2,2.1,4.3,3.9,0,3.4,NL,0
earrings01.jpg,Earrings,1,0,0.11,0,0,Jewel,0.68,1.71,4.1,2.7,3.3,3.2,1,3.6,NL,0
eggplant.jpg,Eggplant,0.89,0.67,0,0.03,0.05,Food,0.79,0.87,4,2.2,4.8,3.6,0,1.5,L,0
electricrazor.jpg,Electric razor,0.47,2.33,0,0,0.03,Bathroom items,0.58,1.15,3.7,3.1,4.2,3.1,0,3.7,NL,0
endive.jpg,Endive,0.57,2.25,0.03,0.31,0.13,Food,0.78,0.75,3.7,2.1,3.8,3.3,7,1.6,L,0
englishmuffin.jpg,English muffin,0.53,2.25,0,0.03,0,Food,0.97,0.18,4.1,2.4,3.8,4.2,0,1.8,NL,0
envelope03a.jpg,Envelope *,1,0,0,0,0,School supply,0.87,0.76,4.6,1.8,4.7,3.2,0,3.2,NL,0
eraser.jpg,Eraser,0.92,0.47,0,0.03,0,School supply,0.95,0.34,4.3,1.9,3.8,4.2,0,3.3,NL,0
exercisebench.jpg,Exercise bench,0.27,3.44,0.05,0.15,0.03,Sport,0.76,1.19,3.3,2.6,3.8,3.6,0,2.3,NL,0
extensioncord.jpg,Extension cord,0.43,3.08,0,0.03,0,Electronic,0.79,1.02,4.1,2.4,4,3.8,0,2.5,NL,0
eyedrops.jpg,Eye drops,0.23,3.76,0.13,0.08,0,Medical,0.48,2.1,3.3,2.3,3.3,3.6,0,2.9,NL,0
fan.jpg,Fan,0.89,0.7,0,0,0,Electronic,0.54,1.59,4.2,3.1,3.8,3.6,0,2.4,NL,0
feather03a.jpg,Feather,1,0,0,0.03,0.03,Natural,0.51,1.44,3.9,2.5,4.1,3.7,0,2.2,NL,0
filmroll.jpg,Film,0.46,2.34,0,0,0.05,Electronic,0.41,2.02,4.1,2.8,3.9,3.8,0,2.1,NL,0
fireextinguisher.jpg,Fire extinguisher,0.67,1.83,0.05,0.08,0.03,Other,0.62,1.36,3.7,2.7,3.8,4.4,0,3,NL,0
fishinghook03.jpg,Fishing hook,0.5,2.69,0.03,0.15,0.05,Sport,0.89,0.69,3.2,2.5,3.4,3.5,1,2.7,NL,0
flashlight02b.jpg,Flashlight,0.75,1.23,0,0.05,0,Tool,0.29,2.31,4.3,2.6,3.9,4,0,3,NL,0
flask.jpg,Flask,0.56,2.47,0,0.05,0.03,Other,0.35,2.47,3.6,3,4,4,1,2.6,NL,0
flyswatter.jpg,Fly swatter,0.9,0.63,0,0.18,0.05,Household article,0.63,1.82,3.8,1.9,4.4,4.3,1,3.9,NL,0
folder04.jpg,Folder,0.51,2.04,0,0.05,0,School supply,0.95,0.35,4.2,1.6,3.9,3.3,0,1.8,NL,0
fonduefork.jpg,Fondue fork,0.25,3.32,0,0.32,0.05,Kitchen item,0.79,1.25,3.2,2.1,4.5,4.1,1,2,NL,0
foodprocessor.jpg,Blender,0.4,2.59,0,0.03,0.03,Kitchen item,0.89,0.57,3.8,3.4,3.2,3.9,0,2.4,NL,0
fork03c.jpg,Fork *,0.97,0.18,0,0,0,Kitchen item,0.97,0.17,4.6,2.2,4.1,4.1,0,3.5,NL,0
fountainpen.jpg,Pen,0.37,2.11,0.03,0.03,0.03,School supply,0.89,0.46,3.8,2.2,4.1,3.4,2,2.3,NL,0
fryingpan02a.jpg,Frying pan *,0.58,1.61,0,0,0,Kitchen item,0.97,0.21,4.4,2.5,4.3,4,0,2.9,NL,0
gamepiece.jpg,Game piece,0.22,3.76,0.18,0.18,0.03,Toy,0.81,1.06,3.1,1.7,3.2,3.6,4,2.1,NL,0
garlic01a.jpg,Garlic,0.87,0.55,0,0,0,Food,0.84,0.64,4.6,2.4,4.5,4.2,0,1.6,L,0
garlicpress02a.jpg,Garlic press,0.57,2.07,0.05,0.18,0.05,Kitchen item,0.97,0.18,3.8,2.7,3.9,3.2,2,2,NL,0
giftbag01a.jpg,Gift bag,0.39,2.04,0,0,0,Decoration,0.47,2.09,4.2,1.9,3.9,4.3,0,1.8,NL,0
ginger.jpg,Ginger,0.89,0.74,0.03,0.05,0,Food,0.67,1.18,3.8,2.2,3.8,3.8,2,1.4,L,0
glass02a.jpg,Plastic cup,0.27,2.43,0,0,0,Kitchen item,0.77,1.21,4.6,1.8,3.5,3.8,0,2.2,NL,0
glasses01a.jpg,Glasses *,0.72,1.1,0,0,0,Other,0.49,1.78,4.3,2.8,4.1,2.8,0,3.9,NL,0
glassmop.jpg,Mop,0.67,2,0,0.05,0,Household article,0.72,1.63,4.2,2.3,4,3.1,0,4.1,NL,0
globe.jpg,Globe,0.89,0.7,0,0,0.03,School supply,0.61,1.82,4.1,3.3,4.6,4.2,0,2.2,NL,0
gluestick.jpg,Glue stick,0.58,1.66,0,0.03,0,School supply,0.92,0.46,4.1,2.2,4.1,3.3,0,2.5,NL,0
gluetube.jpg,Glue,0.38,2.89,0.1,0.08,0,Tool,0.38,2.19,3.2,2.3,3.1,3,0,2.4,NL,0
grapes01.jpg,Grapes *,0.92,0.51,0,0,0,Food,0.76,0.94,4.6,2.4,3.8,3.9,0,2.2,L,0
grater01a.jpg,Grater,0.52,1.18,0,0.22,0,Kitchen item,0.87,0.97,4.3,2.7,4.4,3.2,0,3.3,NL,0
greenbeans01.jpg,Green beans,0.26,2.62,0.03,0.08,0,Food,0.66,1.06,4.1,2.3,4.5,4.2,0,1.5,L,0
greenonion.jpg,Green onion,0.46,2.67,0,0.05,0,Food,0.74,0.86,4.2,2.3,4.3,3.3,0,1.2,L,0
gum.jpg,Gum,0.44,2.99,0,0,0,Food,0.64,1.28,4.1,2.3,3.2,3.3,0,2.9,NL,0
hairband.jpg,Hair band,0.52,1.94,0,0.23,0.03,Bathroom items,0.32,2.1,3.8,2.5,3.4,3,0,2.7,NL,0
hairclip02.jpg,Hairclip,0.7,1.36,0.03,0.08,0.03,Bathroom items,0.31,2.59,3.8,2.7,2.9,2.6,0,2.7,NL,0
hairclip03.jpg,Hair clip,0.68,1.67,0.03,0.03,0.03,Bathroom items,0.38,2.14,4,2.4,3.5,3.8,0,3.1,NL,0
hairclipper.jpg,Hair clipper,0.22,3.28,0.08,0.1,0,Bathroom items,0.64,1.5,3.4,3,3.7,3.1,1,3.6,NL,0
hairdryer02a.jpg,Hair dryer,0.68,1.41,0,0.05,0,Bathroom items,0.63,1.5,4.2,2.9,3.8,3.3,0,4,NL,0
hairpin.jpg,Hair pin,0.43,1.98,0.03,0.03,0,Bathroom items,0.74,1.4,4.2,1.5,4.7,3.9,2,3.1,NL,0
hammer01.jpg,Hammer *,1,0,0,0.03,0,Tool,0.9,0.78,4.2,2.2,4.4,4.2,0,3.8,NL,0
handfan01b.jpg,Fan,0.53,1.84,0,0.08,0.03,Decoration,0.62,1.25,3.7,3.2,4.3,4.2,0,4,NL,0
hanger02a.jpg,Hanger *,0.78,0.98,0,0.03,0.03,Household article,0.53,1.82,4.5,1.8,4.2,3.2,0,2.9,NL,0
hat03b.jpg,Hat *,0.72,1.43,0,0,0,Cloth,0.82,0.87,4,2.8,2.9,3.9,0,3.5,NL,0
headphones02b.jpg,Headphones,0.71,1.39,0,0,0.03,Electronic,0.73,1.36,4.4,2.9,4.2,3.1,0,3.6,NL,0
highlighter02b.jpg,Marker,0.56,1.87,0,0,0,School supply,1,0,4,2,3.8,3.5,0,2.3,NL,0
hinge.jpg,Hinge,0.63,1.81,0.03,0.16,0.11,Tool,0.53,1.32,3.4,2.5,4.5,4.2,2,1.9,NL,0
holepunch02.jpg,Hole punch,0.55,2.31,0,0.21,0.05,School supply,0.79,1.11,3.9,2.7,4,3.8,0,2.9,NL,0
holepunch04.jpg,Hole puncher,0.29,2.97,0.03,0.05,0.05,School supply,0.89,0.66,3.8,2.5,3.9,3.7,2,2.6,NL,0
honeydewmelon.jpg,Melon,0.67,1.78,0.05,0.03,0.03,Food,0.89,0.59,3.9,2.1,4,4.2,0,1.5,L,0
horsefigurine.jpg,Horse,0.26,3.7,0,0.03,0,Decoration,0.79,1.17,3.3,2.6,3.6,3.8,0,1.6,NL,0
hosenozzle.jpg,Hose nozzle,0.46,2.68,0.05,0.26,0.03,Tool,0.62,1.78,3.3,2.4,3.6,3.4,3,2,NL,0
hourglass.jpg,Hourglass,0.41,2.49,0,0.05,0.08,Kitchen item,0.26,2.36,3.8,2.8,3.8,4.3,0,2.3,NL,0
icecreamcone01a.jpg,Ice cream cone,0.63,1.62,0,0.03,0,Food,0.95,0.38,4.2,2.1,4.2,4.4,0,2.6,NL,0
icecubetray01a.jpg,Ice cube tray,0.55,2.36,0,0,0,Kitchen item,0.87,0.66,4.4,2.2,4.4,3.8,0,2.1,NL,0
icepack.jpg,Ice pack,0.74,1.44,0,0.1,0.03,Household article,0.32,2.24,3.7,2.5,3.8,3.5,2,1.5,NL,0
iceskate.jpg,Skate,0.5,2.24,0,0.03,0,Sport,0.79,0.98,4,3,4.4,3.7,0,3.1,NL,0
iron01b.jpg,Iron *,0.92,0.46,0,0,0,Household article,0.63,1.75,4.4,3,4.3,3.5,0,3.9,NL,0
jar03.jpg,Jar,0.34,2.8,0,0.03,0,Kitchen item,0.59,1.82,3.9,2.1,4.1,3.9,3,1.8,NL,0
jewelrybox01b.jpg,Jewelry box,0.39,2.3,0,0.03,0,Decoration,0.65,1.59,3.7,2.8,3.1,3.1,0,2.2,NL,0
kettle01.jpg,Kettle *,0.68,1.55,0,0,0.03,Kitchen item,0.82,1.12,4.2,2.2,3.6,4.5,0,3.1,NL,0
key01.jpg,Key *,0.97,0.17,0,0,0,Other,0.58,1.49,4.6,2.4,4.5,3.6,0,3.8,NL,0
keyboard02.jpg,Keyboard,0.89,0.7,0,0,0.03,Electronic,0.97,0.29,4.7,3.1,4.2,4.1,0,4,NL,0
keychain.jpg,Key chain,0.5,1.87,0,0.11,0,Other,0.61,1.86,4,2.2,3.2,3.4,0,2.4,NL,0
kleenexbox01b.jpg,Kleenex box,0.26,2.53,0,0,0,Bathroom items,0.59,1.61,4.7,2.4,4.7,4.7,1,3.1,NL,0
knife05.jpg,Knife *,0.87,0.66,0,0,0,Kitchen item,0.86,0.92,4.6,2.3,3.3,3.4,0,3.6,NL,0
ladle02a.jpg,Ladle,0.57,2.13,0,0.08,0.03,Kitchen item,0.97,0.21,4.2,1.9,4.1,3.5,0,2.9,NL,0
lamp04a.jpg,Lamp *,0.92,0.47,0,0,0,Furniture,0.37,2.06,4.5,2.6,3.5,4.1,0,2.3,NL,0
laptop01a.jpg,Laptop,0.74,1.29,0,0,0,Electronic,0.95,0.42,4.6,3.6,4.3,3.4,0,3.2,NL,0
leaf02a.jpg,Leaf *,0.97,0.17,0,0,0,Natural,0.95,0.47,4.4,1.8,3.8,3.7,1,2.2,L,0
leek.jpg,Leek,0.64,1.81,0.05,0.26,0.03,Food,0.73,0.87,3.8,2.5,4.3,3.5,5,1.5,L,0
lego03b.jpg,Lego,0.3,3.14,0.05,0.1,0,Toy,0.92,0.48,3.4,2.1,3.5,3.6,0,1.8,NL,0
lemon02.jpg,Lemon *,1,0,0,0,0,Food,0.82,0.65,4.6,2.2,4.9,4.5,0,2.1,L,0
lettuce.jpg,Lettuce *,0.68,1.8,0,0.03,0,Food,0.82,0.89,4.6,3,4,3.8,1,1.3,L,0
level03a.jpg,Level,0.74,1.5,0.13,0.21,0.08,Tool,0.71,1.7,3.4,2.5,3.3,2.8,3,2,NL,0
lifejacket.jpg,Life jacket,0.68,1.69,0,0.05,0,Sport,0.85,0.75,4,2.9,3.8,3.7,0,2.8,NL,0
lightbulb01.jpg,Light bulb *,0.83,0.86,0,0.03,0.05,Household article,0.41,1.91,4.5,3,4.8,3.9,0,3.2,NL,0
lighter01.jpg,Lighter,0.95,0.36,0,0.03,0,Other,0.68,1.57,4.2,2.7,4.3,4,0,3.8,NL,0
lime.jpg,Lime,0.81,1.12,0.03,0.1,0.05,Food,0.77,0.92,3.7,2.2,4.5,4.1,0,1.9,L,0
lintbrush.jpg,Lint brush,0.56,2.38,0.05,0.11,0,Household article,0.49,1.83,3.6,2.4,4.1,3.8,1,2.6,NL,0
lipstick02a.jpg,Lipstick,0.97,0.18,0.03,0,0,Bathroom items,0.85,0.83,4.1,2,3.9,4.1,0,4.3,NL,0
lock03a.jpg,Lock *,0.68,1.16,0,0.03,0,Other,0.39,2.33,4.3,2.6,4.3,3.5,2,2.6,NL,0
log.jpg,Log,0.36,2.84,0,0,0,Natural,0.58,1.77,3.9,2.6,3.6,4,1,2.1,NL,0
lunchbox.jpg,Lunch box,0.51,2.5,0,0.03,0,Other,0.36,2.7,3.4,2.1,3.1,3.5,0,2,NL,0
magnifyingglass01b.jpg,Magnifying glass,0.82,1.01,0.05,0.05,0.03,Other,0.37,2.45,3.4,2.2,4.5,3.5,0,3.6,NL,0
makeupbrush04.jpg,Makeup brush,0.45,2.23,0,0.18,0,Bathroom items,0.83,1.06,3.8,2.3,4,3.8,0,3.3,NL,0
mallet01b.jpg,Hammer,0.41,2.27,0,0.11,0.05,Tool,0.78,1.13,3.6,2.1,3.3,3.6,0,4.2,NL,0
mango.jpg,Mango,0.59,1.93,0.15,0.03,0,Food,0.82,1.13,3.6,1.7,3.8,3.7,0,1.4,L,0
manshoe.jpg,Shoe *,0.77,0.99,0,0,0,Cloth,0.92,0.42,4.3,2.4,3.7,3.7,0,3.7,NL,0
marker01a.jpg,Marker,0.82,1.08,0,0,0,School supply,0.97,0.18,4.4,2.1,3.9,3.5,0,2.6,NL,0
mascarabrush.jpg,Mascara brush,0.26,3.02,0,0.1,0.03,Bathroom items,0.89,0.71,4.2,2.3,4.3,3.8,0,3.8,NL,0
mask02a.jpg,Mask,0.48,2.81,0.05,0.13,0,Decoration,0.77,1.3,3.4,3.1,2.7,2.8,0,2.6,NL,0
match.jpg,Match,0.92,0.46,0,0,0,Other,0.38,2.13,4.4,1.9,4.6,3.7,0,3.8,NL,0
measuringcup01.jpg,Measuring cup,0.95,0.36,0,0.05,0,Kitchen item,0.92,0.39,4.3,2.5,4.3,3.9,0,2.2,NL,0
measuringspoon.jpg,Spoon,0.24,3.03,0,0.05,0,Kitchen item,1,0.04,4.1,1.9,3.4,3.5,0,2.6,NL,0
measuringtape01.jpg,Measuring tape,0.78,1.17,0,0.05,0.03,Tool,0.92,0.5,4.1,2.6,4.2,3.6,0,3.4,NL,0
medal02b.jpg,Medal,0.89,0.66,0,0.03,0,Sport,0.49,2.08,3.8,2.1,4.1,3.9,0,2.4,NL,0
melbatoast.jpg,Melba toast,0.43,2.49,0,0.05,0.05,Food,0.95,0.34,4.2,2.2,4.1,3.6,3,1.3,NL,0
metalbrush.jpg,Brush,0.46,2.35,0.05,0.21,0,Tool,0.26,2.49,3.4,2.1,3.4,3.5,2,2,NL,0
metalscissors.jpg,Scissors,0.33,3.36,0,0.13,0.03,Tool,0.84,0.98,3.1,2.5,3.1,3.6,0,2.7,NL,0
metronome.jpg,Metronome,0.62,2.01,0.13,0.26,0.05,Music,0.61,1.99,3.4,3.2,3.9,4,8,2.6,NL,0
microscope.jpg,Microscope,0.97,0.18,0,0,0.05,Medical,0.59,1.72,3.8,3.6,4.7,4.7,0,3.5,NL,0
milkcontainer.jpg,Milk container,0.27,3.4,0,0.05,0,Kitchen item,0.62,1.31,4.2,2.5,3.2,3.5,0,2.1,NL,0
mirror.jpg,Mirror,0.55,2.25,0.13,0.13,0,Decoration,0.62,1.96,3.1,3.5,2.4,2.2,0,2.5,NL,0
mitten04.jpg,Mitten *,0.67,1.18,0,0,0,Cloth,0.79,1.04,4.3,2.3,3.6,3.5,1,2.7,NL,0
mixer01d.jpg,Mixer,0.35,2.24,0,0.1,0.03,Kitchen item,0.87,0.73,3.9,3.3,4,3.3,0,2.5,NL,0
moccasin.jpg,Moccasin,0.46,2.99,0,0.08,0.03,Cloth,0.92,0.51,3.5,2.9,3.5,3.7,2,1.6,NL,0
monitor.jpg,Monitor,0.45,2.22,0,0,0,Electronic,0.97,0.28,4.5,2.9,4.5,3.6,0,2.2,NL,0
mousetrap.jpg,Mouse trap,0.94,0.33,0.03,0.08,0.03,Household article,0.5,1.54,3.3,2.9,4.6,4.4,0,2.6,NL,0
muffintin02.jpg,Muffin tin,0.23,3.69,0.05,0.08,0.08,Kitchen item,0.78,1.21,4,2.2,3.8,3.9,0,1.5,NL,0
mushroom01.jpg,Mushroom *,1,0,0,0,0,Food,0.72,0.99,4.6,2.3,4.4,4.4,0,1.6,L,0
nail.jpg,Nail *,0.78,1,0,0.03,0.05,Tool,0.51,1.29,4.2,2.4,4.1,3.3,0,2.8,NL,0
nailclipper03b.jpg,Nail clipper,0.86,0.85,0,0.05,0.03,Bathroom items,0.87,0.68,4.4,2.6,4.7,3.8,0,3.9,NL,0
nailpolish03b.jpg,Nail polish,0.81,1.2,0.03,0.05,0,Bathroom items,0.87,0.68,4.1,2.3,3.9,4.1,0,3.7,NL,0
necklace.jpg,Necklace *,0.83,0.99,0,0.05,0,Jewel,0.54,1.8,4.2,2.5,3.5,3.6,0,3.3,NL,0
negativefilm.jpg,Film,0.37,3,0,0,0.03,Other,0.49,1.74,3.9,2.1,4.1,4.2,0,1.7,NL,0
notebook03a.jpg,Notebook,0.61,2.23,0,0.03,0,School supply,0.95,0.34,4.3,2.1,3.9,3.1,0,2.8,NL,0
number3.jpg,Number 3,0.2,4.1,0.05,0.18,0,Toy,0.73,1.35,3.1,1.8,3.6,3.5,4,1.6,NL,0
nutcraker.jpg,Nutcracker,0.93,0.43,0.13,0.13,0,Kitchen item,0.79,1.08,3.4,2.4,3.5,3.8,0,3,NL,0
oilbottle01.jpg,Bottle,0.2,3.35,0.13,0.04,0,Household article,0.35,2.37,3.1,2.4,2.9,3.2,1,1.4,NL,0
olive.jpg,Olive,0.89,0.7,0,0.03,0,Food,0.89,0.58,4.3,2,4.3,3.8,0,1.5,L,0
onion.jpg,Onion *,1,0,0,0,0,Food,0.79,0.84,4.6,2.2,4.7,4.3,0,2,L,0
orange.jpg,Orange *,1,0,0,0,0,Food,0.82,0.68,4.7,1.9,4.8,4.1,0,1.8,L,0
orangejuice.jpg,Orange juice,0.33,3.1,0,0,0,Food,0.79,1.12,4.1,2.2,3.8,3.9,0,1.6,NL,0
overalls.jpg,Overalls,0.38,3.3,0,0.1,0.03,Cloth,0.95,0.36,3.7,2.7,3.5,2.5,2,1.8,NL,0
pacifier02d.jpg,Pacifier,0.37,2.94,0.03,0.05,0.15,Other,0.47,1.89,3.8,2.7,3.9,3.5,1,3.3,NL,0
paintbrush01.jpg,Paint brush *,0.92,0.41,0,0.05,0,Tool,0.74,1.5,4.1,2.5,4.1,3.6,0,3.5,NL,0
paintcan.jpg,Paint can,0.59,1.76,0,0,0,Tool,0.61,1.62,3.8,2.5,4.4,4.5,0,2.3,NL,0
paintroller01.jpg,Paint roller,0.77,1.21,0,0.08,0.03,Tool,0.87,0.83,3.9,2.3,4.4,3.8,0,3.7,NL,0
painttray.jpg,Paint tray,0.39,2.97,0,0.15,0,Tool,0.63,1.75,3.5,2.4,4,4,0,2.3,NL,0
pants.jpg,Pants *,0.79,1.12,0,0,0,Cloth,1,0.04,4.7,1.6,4.1,3.7,0,3.8,NL,0
paperclip03.jpg,Paper clip,0.79,1.19,0,0.03,0.1,School supply,0.9,0.63,4.5,2,4.7,4,0,2,NL,0
papertowel.jpg,Paper towel,0.39,2.24,0,0,0,Household article,0.46,1.96,4.3,1.8,4,4.2,0,2.5,NL,0
partyhat.jpg,Party hat,0.73,1.37,0,0.05,0,Toy,0.44,1.57,3.8,2.6,4,4.4,1,2.8,NL,0
pasta03a.jpg,Pasta,0.62,2.02,0,0.1,0.03,Food,0.97,0.22,4.4,2.2,2.9,3.2,0,1.8,NL,0
PDA.jpg,PDA,0.26,3.24,0,0.21,0,Electronic,0.84,0.9,3.1,3,3.8,3.2,10,2,NL,0
peach.jpg,Peach *,0.69,1.58,0.15,0.1,0,Food,0.62,1.55,3.8,1.8,4.3,3.9,0,1.3,L,0
peanut01.jpg,Peanut *,0.83,0.82,0,0,0,Food,0.82,0.69,4.2,2.1,4.5,4.5,0,1.9,L,0
pear01.jpg,Pear *,1,0,0,0,0,Food,0.79,0.73,4.5,2.1,4.8,4.7,0,1.5,L,0
peeler01.jpg,Peeler,0.39,2.31,0,0.13,0.03,Kitchen item,0.95,0.34,4,2.5,4.5,3.8,0,3,NL,0
pen04b.jpg,Pen *,0.9,0.63,0,0,0,School supply,0.92,0.48,4.8,2.1,3.8,3.6,0,4,NL,0
pencil01.jpg,Pencil *,0.97,0.18,0,0,0,School supply,0.97,0.17,4.7,1.9,4.7,4,0,3.5,NL,0
pencilcase.jpg,Pencil case,0.72,1.33,0,0.05,0.03,School supply,0.79,1.23,4,2.4,2.8,2.9,1,2.3,NL,0
pencilsharpener02a.jpg,Pencil sharpener,0.67,1.06,0,0.05,0.03,School supply,0.95,0.44,4.3,2.5,3.9,4.1,0,3.4,NL,0
pepper04a.jpg,Red pepper *,0.45,1.85,0,0.03,0,Food,0.74,0.94,4.6,2.2,4.5,3.1,0,1.2,L,0
peppermill02b.jpg,Pepper mill,0.39,2.69,0.03,0.1,0.03,Kitchen item,0.81,0.99,3.9,2.6,4.4,4.4,0,3.2,NL,0
perfume01a.jpg,Perfume,0.54,2.02,0,0,0,Bathroom items,0.67,1.71,4.2,2.4,4,4.1,0,3.4,NL,0
petcarrier.jpg,Animal cage,0.22,4.03,0,0.05,0,Other,0.78,1.02,3.6,3.2,4.2,4.4,0,2.5,NL,0
pickle.jpg,Pickle,0.66,1.14,0,0,0,Food,0.85,0.72,4.3,2.2,4.4,4,0,1.6,L,0
pictureframe04.jpg,Picture frame,0.71,1.29,0.03,0,0.05,Decoration,0.74,1.32,4.2,2.4,4.1,3.8,0,2.1,NL,0
piggybank.jpg,Piggy bank,0.76,1.26,0.1,0,0.05,Toy,0.27,2.31,3.8,2.7,3.7,3.8,0,2.5,NL,0
pill.jpg,Pill,0.72,1.22,0,0,0,Medical,0.58,1.69,4,1.9,3.8,3.7,0,2.7,NL,0
pillbottle.jpg,Pills,0.59,1.8,0,0,0,Medical,0.68,1.6,3.9,2.7,4.3,4.5,0,2.6,NL,0
pineapple01a.jpg,Pineapple *,1,0,0,0,0.03,Food,0.85,0.79,4.5,3.1,4.8,3.7,1,1.7,L,0
pinecone01.jpg,Pine cone,0.53,2.31,0,0.08,0.03,Natural,0.92,0.56,3.7,2.9,4.1,3.7,0,1.4,L,0
pingpongracket.jpg,Ping-pong racket,0.38,2.45,0,0,0.05,Sport,0.77,0.78,3.9,2,4.7,4,1,3.7,NL,0
pistachio.jpg,Pistachio,0.75,1.1,0.15,0.1,0.03,Food,0.79,0.91,3.6,2.1,4,3.8,1,1.3,L,0
pitabread.jpg,Pita bread,0.68,1.73,0,0,0,Food,0.92,0.5,4.3,2.1,4.3,4.2,0,1.7,NL,0
pitcher02b.jpg,Pitcher *,0.35,3.42,0,0.03,0,Kitchen item,0.82,1.11,4.3,2.5,3.4,3.7,3,2.6,NL,0
pizza.jpg,Pizza,0.9,0.63,0,0,0,Food,0.97,0.17,4.4,2.5,4,4.4,0,2.7,NL,0
plant01.jpg,Plant,0.84,0.91,0,0.03,0,Natural,0.92,0.51,4.2,2.8,3.4,4.4,0,2.1,L,0
plasticflower01a.jpg,Flower,0.51,2.19,0,0,0,Decoration,0.46,1.7,4.1,2.6,3.5,2.8,0,2.8,L,0
plasticgallon.jpg,Bottle,0.3,3.74,0,0.05,0,Household article,0.57,1.72,3.5,2,2.5,3.2,0,1.5,NL,0
plate01b.jpg,Plate,0.92,0.48,0,0,0,Kitchen item,0.97,0.17,4.6,1.7,4.2,3.8,0,2.4,NL,0
playingcard04.jpg,Playing card,0.59,1.25,0,0,0,Toy,0.92,0.55,4.4,2,4.2,4.3,0,3.3,NL,0
pliers02b.jpg,Pliers *,0.85,0.9,0,0.26,0.03,Tool,0.95,0.41,3.8,2.7,4.2,3.8,1,2.6,NL,0
plugs.jpg,Plugs,0.34,3.17,0,0.18,0.08,Electronic,0.78,1.14,4.1,2.6,3.2,3,0,2.2,NL,0
plum.jpg,Plum,0.86,0.85,0,0.05,0,Food,0.79,0.73,4.3,2.4,4.3,4.2,1,1.5,L,0
plunger02.jpg,Plunger,0.84,1.01,0.05,0.13,0.03,Household article,0.51,1.8,3.9,1.9,4.7,4,1,3.1,NL,0
pot02a.jpg,Pot *,0.68,1.74,0,0,0,Kitchen item,0.97,0.17,4.5,2.4,3.3,3.6,0,2.4,NL,0
potato02b.jpg,Potato *,1,0,0.03,0.03,0,Food,0.79,0.74,4.5,1.9,4.2,4,0,1.6,L,0
potatomasher03b.jpg,Potato masher,0.47,1.86,0.03,0.21,0,Kitchen item,0.97,0.18,3.8,2.2,4.3,3.2,0,2.4,NL,0
powercable.jpg,Cables,0.24,3.81,0,0.03,0,Electronic,0.78,1.08,4.2,2.2,3.3,3.7,0,2,NL,0
printer02.jpg,Printer,0.87,0.85,0,0,0,Electronic,0.66,1.08,4.4,3.4,4.1,4.2,0,2.1,NL,0
propanetank.jpg,Propane tank,0.45,2.61,0,0.08,0.05,Other,0.33,2.47,3.9,2.7,4.7,4.6,2,1.7,NL,0
protractor.jpg,Protractor,0.46,2.53,0,0.16,0.11,School supply,0.97,0.21,3.6,2.5,4.3,4.2,6,1.7,NL,0
puzzlepiece.jpg,Puzzle piece,0.76,1.28,0,0.03,0,Toy,0.95,0.39,4.3,2.7,4.1,3.8,0,1.9,NL,0
pylon.jpg,Pylon,0.45,2.52,0.03,0.18,0,Other,0.45,2.07,3.9,1.8,4.6,4.6,0,2.1,NL,0
qtip.jpg,Q-Tip,0.72,1.48,0,0.03,0.03,Bathroom items,0.92,0.5,4.5,1.9,4.3,3.8,1,3.6,NL,0
radio01.jpg,Radio,0.3,3.08,0,0.03,0,Electronic,0.79,1.26,4.4,3.2,3.1,3.5,1,2.4,NL,0
radish01.jpg,Radish,0.86,0.76,0,0.05,0,Food,0.69,1.02,4.1,2.6,4,3.2,0,1.3,NL,0
raisins.jpg,Raisins,0.74,1.53,0.08,0.1,0.03,Food,0.81,0.83,4.1,2.5,3.8,4.2,0,1.5,L,0
rasberry01.jpg,Rasberry,0.86,0.68,0.03,0.05,0,Food,0.85,0.62,4.7,2.3,4.6,4.6,0,1.6,L,0
rattle.jpg,Toy,0.32,3.14,0.09,0.21,0,Toy,0.81,0.97,3.1,3.1,2.3,2.3,3,1.4,NL,0
razor01.jpg,Razor,0.72,1.51,0.03,0,0.03,Bathroom items,0.97,0.25,4.3,2.5,3.7,3.3,0,3.7,NL,0
rearviewmirror.jpg,Rearview mirror,0.42,2.07,0.09,0.03,0,Other,0.76,1.17,3.7,2.3,4.1,3.2,0,2.6,NL,0
reflector.jpg,Reflector,0.26,3.23,0.18,0.08,0.03,Sport,0.56,1.82,3.5,2.1,3.5,3.1,0,1.5,NL,0
relish.jpg,Relish,0.61,1.83,0.11,0.03,0,Food,0.89,0.67,3.8,2.2,3.1,3.1,1,1.4,NL,0
remotecontrol04.jpg,Remote control,0.64,1.22,0,0.03,0,Electronic,0.87,0.77,4.4,3.2,4.4,3.8,1,3.6,NL,0
ribbon03a.jpg,Lace,0.54,2.27,0.05,0.26,0.03,Decoration,0.68,1.16,3.3,2.4,2.9,2.8,2,1.4,NL,0
ribbon04.jpg,Ribbon,0.77,1.35,0,0.08,0.03,Decoration,0.85,0.84,3.8,2.1,3.2,3.1,0,1.8,NL,0
rice.jpg,Rice,0.92,0.52,0,0,0,Food,0.9,0.48,4.5,2.4,4.3,4.3,0,1.5,L,1
ridinghelmet.jpg,Hat,0.39,2.96,0,0.05,0,Cloth,0.7,1.2,3.7,1.6,4.4,4.1,1,2.3,NL,0
ring01.jpg,Ring *,1,0,0,0,0,Jewel,0.73,1.5,4.3,2.2,3.8,3.8,0,3.2,NL,0
rock01a.jpg,Rock,0.64,1.38,0.03,0.03,0,Natural,0.7,1.43,4.1,2.3,3.8,3.8,0,2.3,NL,0
rollingpin01a.jpg,Rolling pin *,0.82,1.09,0,0.23,0.05,Kitchen item,1,0,3.8,2.1,4.4,4.1,1,3.6,NL,0
rope03.jpg,Rope,0.86,1.03,0,0.05,0.03,Tool,0.43,2.27,3.9,2.6,3.8,3.6,0,2.8,NL,0
rubberband01.jpg,Rubber band,0.38,1.86,0.08,0.03,0,School supply,0.47,1.93,4,1.5,4.4,4.2,0,2.8,NL,0
rubberglove02b.jpg,Glove,0.41,2.41,0,0,0,Household article,0.72,1.34,4.2,1.8,4.3,3.7,0,2.5,NL,0
rug.jpg,Rug,0.31,2.87,0,0.05,0,Household article,0.43,2.22,4.1,2.5,2.7,2.8,0,2,NL,0
ruler05.jpg,Ruler *,1,0,0,0,0,School supply,0.95,0.34,4.4,2.1,4.5,4.3,0,3.1,NL,0
safetypin.jpg,Safety pin,0.67,1.58,0,0.08,0.05,Other,0.26,2.6,4.2,1.9,4.4,4,1,2.2,NL,0
sand.jpg,Sand,0.43,2.4,0.03,0.03,0,Natural,0.61,1.67,3.6,2.5,3.7,3.7,0,1.6,NL,0
sandal.jpg,Sandal,0.92,0.46,0,0,0,Cloth,0.82,0.87,4.3,2.4,3.7,3.6,0,2.2,NL,0
saw02b.jpg,Saw *,0.89,0.51,0,0.13,0,Tool,0.89,0.64,3.7,2.2,4.3,3.3,0,4,NL,0
scale01a.jpg,Scale,0.84,0.84,0,0.03,0.03,Bathroom items,0.54,1.9,4.1,2.9,3.3,2.8,0,2.4,NL,0
scarf.jpg,Scarf,0.95,0.3,0,0.03,0,Cloth,0.89,0.78,4.5,2.1,3.8,3.2,0,3.2,NL,0
scissors01.jpg,Scissors *,1,0,0,0,0,School supply,0.66,1.57,4.5,2.5,4,3.7,0,4.2,NL,0
screw02.jpg,Screw *,1,0,0,0.05,0.05,Tool,0.72,1.24,3.8,2.5,4,3.5,0,2.5,NL,0
screwdriver04b.jpg,Screwdriver *,0.95,0.3,0,0.05,0,Tool,0.92,0.56,4.1,2.3,4.5,4.3,0,3.5,NL,0
seashell.jpg,Seashell,0.5,1.81,0,0.03,0,Natural,0.61,1.62,4,3.3,3.6,3.5,0,2.4,NL,0
sewingmachine01a.jpg,Sewing machine,0.95,0.35,0,0.03,0,Electronic,0.3,2.53,3.9,3.6,4.6,4.3,0,2.6,NL,0
shirt02.jpg,Shirt *,0.95,0.34,0,0,0,Cloth,0.97,0.21,4.7,2.5,3.5,3.6,0,3.5,NL,0
shoelace.jpg,Shoelace,0.86,0.73,0,0.05,0.05,Cloth,0.79,1.1,4.3,1.9,4.2,3.8,0,3.1,NL,0
shorts.jpg,Shorts,0.74,1.47,0,0,0,Cloth,0.95,0.33,4.4,2.6,3.5,3.2,0,2.8,NL,0
shovel02a.jpg,Shovel,0.45,2.43,0,0.08,0.08,Toy,0.68,1.54,3.6,1.7,3.8,3.8,0,2.7,NL,0
slide02.jpg,Slide,0.43,2.57,0.03,0.05,0.03,Decoration,0.32,2.49,3.6,2.6,2.8,2.6,2,2,NL,0
slipper01b.jpg,Slipper,0.82,0.8,0,0,0,Cloth,0.95,0.38,4.2,2.1,3.3,3.5,0,2.3,NL,0
snowpeas01.jpg,Snow peas,0.35,2.74,0,0,0.03,Food,0.85,0.62,4.3,2.4,3.9,3.8,2,1.5,L,0
soap03a.jpg,Soap,0.79,0.86,0,0.03,0,Bathroom items,0.82,0.94,4.5,1.5,4,3.8,0,3.4,NL,1
soapdispenser01.jpg,Soap dispenser,0.34,3.5,0,0.03,0,Bathroom items,0.85,0.81,4.2,2.8,3.7,3.7,0,3.1,NL,0
sock01a.jpg,Sock *,0.87,0.8,0,0,0,Cloth,0.95,0.34,4.5,2,2.8,2.4,0,3.4,NL,0
soil.jpg,Dirt,0.39,3.31,0.15,0.05,0,Natural,0.37,2.42,3.5,2.5,3.2,3.7,0,2,NL,0
speaker04.jpg,Speaker,0.87,0.85,0,0,0,Electronic,0.97,0.24,4.1,3,3.8,3.7,0,2,NL,0
sponge01.jpg,Sponge,0.9,0.63,0,0,0,Household article,0.71,1.35,4.3,2.3,3.8,4,0,2.5,NL,0
spoon01.jpg,Spoon *,0.92,0.51,0,0,0,Kitchen item,0.97,0.21,4.6,2.3,4.3,3.7,0,3.4,NL,0
sportbag.jpg,Bag,0.56,2.15,0,0,0,Sport,0.46,2.22,4,2.9,3.4,3.8,0,2.6,NL,0
spraybottle01.jpg,Spray bottle,0.61,2.2,0,0.08,0,Household article,0.71,1.48,4,2.5,3.7,4.1,0,3,NL,0
spraycan.jpg,Spray can,0.3,2.75,0,0.05,0,Household article,0.35,2.47,3.7,2.3,3.4,3.9,1,3.1,NL,0
squeegee01b.jpg,Squeegee,0.59,2.31,0,0.1,0.03,Household article,0.51,1.54,3.6,2.2,4.6,3.7,2,3.3,NL,0
stackingrings01a.jpg,Toy,0.43,2.86,0,0.28,0,Toy,0.9,0.71,3.3,2.5,3.1,3.5,4,2,NL,0
stapler03a.jpg,Stapler,0.95,0.34,0,0,0,School supply,0.9,0.63,4.5,2.3,4.4,4.3,0,3.5,NL,0
stapleremover.jpg,Staple remover,0.81,1.06,0,0.18,0,School supply,0.92,0.51,4.2,2.7,4.7,4,0,2.4,NL,0
staples.jpg,Staples,0.97,0.18,0,0.05,0,School supply,0.9,0.63,4.4,2.1,4.1,3.4,0,2,NL,0
starfish.jpg,Starfish,0.74,0.95,0,0.03,0,Natural,0.6,1.35,3.6,3.4,4.4,4.4,1,1.8,L,0
statue01.jpg,Statue,0.34,3.18,0,0.1,0,Decoration,0.78,1.1,3.1,3.5,3.4,3.6,2,1.4,NL,0
strainer01b.jpg,Strainer,0.69,1.58,0,0.21,0.11,Kitchen item,0.92,0.53,4.2,2.3,3.9,3.5,1,2.2,NL,0
straw.jpg,Straw,0.83,1.04,0.11,0.11,0,Kitchen item,0.57,1.81,3.7,1.8,4,3.8,1,3.7,NL,1
strawbasket01.jpg,Basket *,0.81,1.18,0,0.18,0,Decoration,0.61,1.75,3.7,2.5,2.8,3.6,0,2,NL,0
strawberry.jpg,Strawberry *,1,0,0,0,0,Food,0.82,0.71,4.6,2.1,4.8,4.7,0,1.5,L,0
studiolight.jpg,Lamp,0.45,2.76,0,0.03,0,Electronic,0.43,2.25,3.8,2.9,2.6,3.5,0,2.7,NL,0
suitcase.jpg,Suitcase *,0.58,1.58,0,0,0.03,Other,0.71,1.47,4.2,2.7,3.2,2.9,0,2.8,NL,0
sunglasses04.jpg,Sunglasses,0.9,0.56,0,0,0,Cloth,0.37,1.99,4.5,2.4,4,3.9,0,3.6,NL,0
swimgoggles.jpg,Goggles,0.62,1.55,0,0,0.05,Sport,0.87,0.73,3.7,2.7,4,4.3,0,3.2,NL,0
syringe01.jpg,Syringe,0.61,1.39,0,0,0.05,Medical,0.87,0.86,4,2.8,4.3,3.8,0,3.9,NL,0
tambourine.jpg,Tambourine,0.9,0.56,0,0.13,0.1,Music,0.82,0.99,3.9,2.3,4.1,4,0,3.3,NL,0
tampon.jpg,Tampon,0.94,0.38,0.03,0.05,0.05,Bathroom items,0.79,0.74,3.6,2.3,4.2,3.7,1,2.8,NL,0
tape02a.jpg,Tape,0.54,2.29,0,0.03,0,Tool,0.61,1.97,3.7,1.9,3.4,3.5,0,2.8,NL,0
taperecorder.jpg,Tape recorder,0.45,2.78,0,0,0.03,Electronic,0.87,0.89,3.8,3.4,4,3.8,0,2.9,NL,0
teabag.jpg,Tea bag,0.95,0.34,0,0,0,Food,0.92,0.5,4.4,2.4,4.5,4.1,0,2.8,NL,0
teapot.jpg,Teapot,0.86,0.79,0,0.05,0.03,Kitchen item,0.69,1.37,4.1,2.6,3.6,3.9,0,2.8,NL,0
teddybear02b.jpg,Teddy bear,0.72,1.43,0,0,0,Toy,0.89,0.69,4.1,3,4,4.2,1,2.3,NL,0
telephone01b.jpg,Telephone *,0.51,1.86,0,0,0,Electronic,0.85,0.81,4.7,3.1,3.4,2.5,0,4.1,NL,0
thermometer02b.jpg,Thermometer,0.97,0.18,0,0.03,0,Other,0.36,2.31,4.1,2.7,3.7,2.8,0,1.8,NL,0
thermos.jpg,Thermos,0.57,1.99,0.15,0.13,0,Kitchen item,0.3,2.54,3,2.7,3.3,4,0,2,NL,0
thimble.jpg,Thimble *,0.81,1.12,0.03,0.26,0,Other,0.57,2.15,3.3,2.3,4.4,2.8,2,2.5,NL,0
thread02.jpg,Thread *,0.65,1.62,0,0.08,0.05,Other,0.42,2.17,3.8,2.2,3.7,3.6,1,2.4,NL,0
thumbtack02a.jpg,Thumbtack,0.39,2.15,0,0.1,0.1,School supply,0.77,1.13,4.2,1.7,3.7,3.6,3,2.2,NL,0
tile.jpg,Tile,0.91,0.6,0.08,0.08,0,Building material,0.59,1.97,3.6,2,4.3,4.2,2,1.8,NL,0
toast.jpg,Toast,0.74,1.22,0,0,0,Food,1,0.07,4.6,2.5,4.6,4.4,0,2.3,NL,0
toaster.jpg,Toaster *,0.97,0.18,0,0,0.03,Kitchen item,0.87,0.56,4.5,2.9,4.7,4.3,0,2.7,NL,0
toiletpaper01a.jpg,Toilet paper,0.92,0.52,0,0,0,Bathroom items,0.72,1.13,4.8,2.2,4.6,3.9,0,3.5,NL,0
tomato01.jpg,Tomato *,1,0,0,0,0,Food,0.77,0.9,4.7,1.7,4.8,4.7,0,1.5,L,0
tomatojuice.jpg,Tomato juice,0.42,3.02,0.03,0.03,0,Food,0.69,1.45,3.6,2.2,3.9,3.9,0,1.3,NL,0
tongs01b.jpg,Tongs,0.79,1.22,0.05,0.26,0.08,Kitchen item,0.9,0.78,4,1.9,3.3,3.5,1,2.4,NL,0
toothbrush03b.jpg,Toothbrush *,1,0,0,0,0,Bathroom items,0.97,0.34,4.7,2.2,4.2,3.8,0,4.3,NL,0
toothpaste.jpg,Toothpaste,0.57,2.4,0,0.05,0,Bathroom items,0.72,1.48,3.9,2.7,4,3.5,0,3.3,NL,0
toothpick02.jpg,Toothpick,0.81,1.12,0.1,0.05,0.03,Kitchen item,0.38,2.43,3.9,1.4,4.2,3.8,0,3.9,NL,0
tortilla.jpg,Tortilla,0.3,2.71,0.15,0.08,0,Food,0.94,0.35,4,2.3,3.7,3.7,2,1.9,NL,0
towel01.jpg,Towel,0.34,2.81,0,0,0,Household article,0.53,1.85,4.3,2.1,3.9,3.1,0,2.2,NL,0
toycar04.jpg,Car,0.62,1.18,0,0,0,Toy,0.5,1.53,4.1,3,3.8,3.3,0,3.8,NL,0
toycow.jpg,Toy cow,0.55,2.11,0,0,0,Toy,0.87,0.71,3.3,2.5,3.3,3.4,0,1.5,NL,0
toydinosaur.jpg,Toy dinosaur,0.55,1.82,0,0,0.03,Toy,0.85,0.81,3.4,3.1,4.4,4.3,0,1.9,NL,0
toytank.jpg,Toy tank,0.5,2,0,0,0.03,Toy,0.79,0.9,3.1,2.8,4.4,3.6,0,1.6,NL,0
toytractor01b.jpg,Toy truck,0.26,3.11,0,0,0,Toy,0.97,0.17,3.8,3.1,2.9,3.1,0,2,NL,0
tray.jpg,Tray,0.48,2.72,0.11,0.11,0.03,Kitchen item,0.46,1.91,3.4,2.3,2.7,3.6,1,2.5,NL,0
tripod.jpg,Tripod,0.78,1.35,0.03,0.03,0,Electronic,0.58,2.08,3.9,3.2,4.3,4.6,0,2.5,NL,0
tshirt.jpg,T-shirt,0.82,0.68,0,0,0,Cloth,0.97,0.17,4.6,1.7,4.2,3.5,0,2.9,NL,0
tube.jpg,Tube,0.52,2.61,0.05,0.13,0,Bathroom items,0.68,1.69,3.3,1.9,3,2.8,0,2,NL,0
tupperware03a.jpg,Tupperware,0.56,2.28,0,0,0.03,Kitchen item,0.85,0.72,4.4,2.2,4.2,4,1,2,NL,0
tuque03a.jpg,Tuque,0.39,2,0,0.03,0,Cloth,0.89,0.71,4.5,2.7,3.6,3.5,2,3.7,NL,0
tweezers02a.jpg,Tweezers,0.86,0.69,0,0.05,0.05,Bathroom items,0.79,0.97,4.3,1.9,4.5,4.3,1,3.3,NL,0
umbrella04.jpg,Umbrella *,1,0,0,0,0,Other,0.41,2.19,4.5,2.5,3.3,2.4,0,4.2,NL,0
usbkey.jpg,USB key,0.22,3.57,0,0.03,0.03,Electronic,0.95,0.36,4.2,3,4.4,3.9,5,2.3,NL,0
vase01.jpg,Vase *,0.84,1,0.03,0.03,0,Decoration,0.69,1.54,3.7,2.5,3.7,4.2,0,2.1,NL,0
vhstape.jpg,VHS tape,0.26,2.83,0,0,0,Electronic,0.74,1.3,4.3,2.5,4.8,4.2,0,2.2,NL,0
videocamera01a.jpg,Video camera,0.42,2.3,0,0,0.03,Electronic,0.82,1.24,4.3,3.3,4.3,4.5,0,3.8,NL,0
vikingmask01b.jpg,Mask,0.55,2.32,0.03,0.13,0,Decoration,0.43,2.01,3,3.4,3.4,4,2,1.9,NL,0
violin.jpg,Violin,0.97,0.18,0,0.03,0.03,Music,0.95,0.46,3.6,3.2,4.8,4.6,0,4.4,NL,0
visegrippliers.jpg,Vise grip,0.29,2.3,0,0.26,0.05,Tool,0.87,0.85,3.2,3.1,4,4,0,2.7,NL,0
walkman.jpg,Walkman,0.49,2.19,0.03,0.05,0,Electronic,0.72,1.55,3.7,2.9,3.9,3.5,0,2.8,NL,0
wallet04.jpg,Wallet,0.46,2.67,0,0.03,0.03,Cloth,0.27,2.54,4.3,2.5,2.8,3.5,0,2.8,NL,0
walnut01c.jpg,Walnut,0.59,1.79,0,0,0.05,Food,0.77,0.78,4.2,2.5,4.9,4.5,0,1.8,L,0
watch02a.jpg,Watch *,0.87,0.65,0,0,0,Jewel,0.36,2.38,4.4,3.1,3.8,3.4,0,3.8,NL,0
waterbottle01b.jpg,Water bottle,0.54,1.97,0,0,0,Sport,0.46,1.73,4.2,2.1,3.1,4.2,0,2.6,NL,0
waterbottle03.jpg,Water bottle,0.72,1.17,0,0,0,Food,0.54,1.83,4.7,2.4,4.6,4.6,0,2.9,NL,0
wateringcan.jpg,Watering can *,0.59,2.46,0,0.18,0.08,Tool,0.68,1.3,3.9,2.2,4,4.2,0,3.5,NL,0
watermelon.jpg,Water melon *,0.95,0.3,0,0,0.03,Food,0.71,1.17,4.6,2.2,4.6,4.3,0,2.2,L,0
weight01.jpg,Weight,0.54,1.87,0.03,0.05,0.03,Sport,0.84,0.94,3.8,2,3.5,3.8,2,3.2,NL,0
wheel01.jpg,Wheel *,0.82,0.79,0.03,0.08,0.03,Other,0.37,2.36,3.4,2.4,2.5,2.6,0,2.5,NL,1
whisk.jpg,Whisk,0.71,1.55,0,0.23,0.05,Kitchen item,1,0.04,3.8,2.5,4.6,3.9,3,2.8,NL,0
winebottle01.jpg,Wine bottle,0.68,1.11,0,0,0,Food,0.77,1.34,4.4,2.3,4.5,4.5,0,2.9,NL,0
wineglass01.jpg,Wine glass *,0.59,1.46,0,0,0,Kitchen item,0.79,1.12,4.5,2.5,4.5,4.2,0,2.9,NL,0
winerack.jpg,Wine rack,0.58,2.01,0.08,0.08,0,Decoration,0.35,2.19,3.4,2.5,3.8,4,0,1.8,NL,0
wire.jpg,Wire,0.44,2.47,0.08,0.08,0.03,Electronic,0.47,1.89,3.2,2.1,3.3,3.3,1,1.7,NL,0
wirecutter02.jpg,Pliers,0.48,1.97,0,0.28,0.03,Tool,0.92,0.64,3.6,2.7,4.1,3.3,0,2.3,NL,0
wirestripper.jpg,Pliers,0.44,2.85,0,0.36,0,Tool,0.95,0.43,3.5,2.4,3.2,3.6,0,2.7,NL,0
wood.jpg,Wood,0.33,2.79,0,0.05,0.03,Building material,0.56,1.57,3.8,2.2,3.7,3.2,0,1.5,NL,0
woodenspoon.jpg,Wooden spoon,0.54,1.94,0,0.05,0.05,Kitchen item,0.86,0.83,4.4,2,4.5,3.9,0,2.1,NL,0
workingglove02c.jpg,Glove,0.64,1.53,0,0,0,Tool,0.74,0.99,3.6,2.4,4.5,4.1,0,2.5,NL,0
wrench01b.jpg,Wrench *,0.78,1.22,0,0.18,0,Tool,0.97,0.21,3.8,2.4,4.5,3.9,1,2.9,NL,0
xylophone.jpg,Xylophone,0.5,2.3,0,0.1,0.08,Toy,0.51,1.3,3.5,2.7,3.3,3.7,1,3.1,NL,0
yarn.jpg,Yarn,0.41,2.24,0,0.05,0.08,Other,0.39,2.35,3.7,2.7,3.7,3.8,0,2.1,NL,0
ziplocbag.jpg,Plastic bag,0.33,2.6,0.13,0,0,Household article,0.44,1.86,3.9,1.9,3.8,3.2,0,2.5,NL,0
zucchini01.jpg,Zucchini,0.79,0.97,0.03,0.05,0.03,Food,0.77,0.83,4.4,2,4.4,4.1,0,1.5,L,0